{
  "files": {
    "count": 62,
    "total_loc": 9226.0,
    "avg_loc": 164.75,
    "min_loc": 1.0,
    "max_loc": 577.0,
    "std_dev": 132.19754501915273
  },
  "functions": {
    "count": 638,
    "total_loc": 0,
    "avg_loc": 0.0,
    "min_loc": 0,
    "max_loc": 0,
    "avg_complexity": 4.092896174863388,
    "min_complexity": 1.0,
    "max_complexity": 68.0
  },
  "cyclomatic_complexity": {
    "count": 413,
    "avg": 4.544845771661752,
    "min": 1.0,
    "max": 68.0,
    "std_dev": 7.749666026572338
  },
  "cognitive_complexity": {
    "count": 413,
    "avg": 7.774818401937046,
    "min": 0.0,
    "max": 589.0,
    "std_dev": 42.17923090441332
  }
}